{
  "controller/ViewInwardData.controller.js": 1744723681000,
  "controller/App.controller.js": 1730889180000,
  "i18n/i18n.properties": 1730889198000,
  "controller/View1.controller.js": 1744895841456,
  "controller/ListView.controller.js": 1744615481000,
  "controller/InwardDetails.controller.js": 1744288285000,
  "model/models.js": 1730889180000,
  "manifest.json": 1744895853388,
  "Component.js": 1744614796000,
  "controller/View1-dbg.controller.js": 1744895841456,
  "controller/View1.controller.js.map": 1744895853543,
  "controller/ViewInwardData-dbg.controller.js": 1744723681000,
  "controller/ViewInwardData.controller.js.map": 1744895853541,
  "controller/App-dbg.controller.js": 1730889180000,
  "controller/App.controller.js.map": 1744895853528,
  "controller/ListView-dbg.controller.js": 1744615481000,
  "controller/ListView.controller.js.map": 1744895853530,
  "controller/InwardDetails-dbg.controller.js": 1744288285000,
  "controller/InwardDetails.controller.js.map": 1744895853532,
  "model/models-dbg.js": 1730889180000,
  "model/models.js.map": 1744895853532,
  "Component-dbg.js": 1744614796000,
  "Component.js.map": 1744895853534,
  "Component-preload.js": 1744895853632,
  "Component-preload.js.map": 1744895853632,
  "view/ViewInwardData.view.xml": 1744718044000,
  "view/View1.view.xml": 1744895508990,
  "view/InwardDetails.view.xml": 1744715045000,
  "view/App.view.xml": 1744291971000,
  "css/style.css": 1744703607000,
  "index.html": 1730890914000
}